Batu Kristal, Batu Tawas
Braket
Busi Motor
Celana Sunat
Double Tape
Foam Tape
Hidrolik Jok motor
Jepit Komedo
Kapas Filter Air Zernii, Pori Kecil
Korset
Kutil
Lakban
Lem Kertas
Mata Ikan
Obat kurap
Paranet
Pembalut kain
Racun Tikus
SLI kail
Seal Master Rem Supra
Stapler
Sticky
Tempat Lakban
binder Clips
blister protector
celana dalam
dvd verbatin
gergaji besi
kabel fleksibel
kapisitor
kinesio
kylie Silikon
paku
power sprayer sanchin mesin steam
shaft fiber
vape
Rokok
Tembakau
Cerutu
Vape
Rokok elektrik
Liquid
Eciggarette
Mod
Pod
Squonk
Smonk
RDA
RTA
Arak
Miras
Minuman keras
Minuman alkohol
vap
coil
smok
joyetech
juul
caliburn
vapezoo
vapresso
vapor
istick
nikotin
nicotine
nic
atomizer
renova
nord
upods
druga
voopoo
hexohm
geekvape
vapetrick
vapeboss
iswitch
podpackers
mipod
uwell
vave
vaporizer
vaping
vaper
rayvapor
vapepackers
vapour
vapouriz
vaporesso
moti
smoktech
cigarette
cigar
udud
suorin
vaptio
perokok
merokok
puntung
throat hit
tobacco
arak
ciu
Djarum
u mild
pro mild
star mild
samsu
samsoe
gudang garam
sampoerna
kretek
dunhill
marboro
marlboro
a mild
bentoel
class mild
dji sam soe
la light
lucky strike
pall mall
surya pro mild
seks
seks toys
seks toy
seks doll
alat bantu seks
boneka seks
dildo
mainan dewasa
mainan seks
penis
mastrubasi
orgasm toy
orgasm toys
alat bantu kesehatan pria
gspot
g-spot
g spot
vibrator seks
seks vibrator
alat bantu kesehatan wanita
alat bantu pria
alat bantu wanita
coli
alat coli
memek
coli silikon
memek pussy
alat fantasi pria
sex
sex toys
sex toy
sex doll
alat bantu sex
boneka sex
kondom
condom
mainan sex
durex
mastrubation
vibrator sex
sex vibrator
vibrator wanita
orgasme
sexual
seksual
hentai
film hentai
hentai film
jav
porn
porno
obat kuat
cialis
titan gel
viagra
milf
orgy
doggy style
oral
sepong
puting
meki
vagina
perangsang
tetek
toket
anal
bdsm
bondage
klitoris
clitoris
perkosa
sodomi
pornhub
xnxx
nekopoi
striptis
striptease
oppai
pelacur
kontol
adegan ranjang
entot
entod
kentot
kentod
ngewe
ewe
fingering
kumpul kebo
zinah
blowjob
handjob
pedofil
film semi
adult video
blue film